{"cameraMode":{"drawMode":0,"name":"Shaded","section":"Shading Mode"},"sceneLighting":true,"audioPlay":false,"sceneViewState":{"showFog":true,"showMaterialUpdate":false,"showSkybox":true,"showFlares":true,"showImageEffects":true,"showParticleSystems":true},"in2DMode":false,"pivot":{"x":0.5440713167190552,"y":3.4715523719787599,"z":-10.128007888793946},"rotation":{"x":-0.13054895401000977,"y":0.14283591508865357,"z":-0.01900755614042282,"w":-0.9809210896492004},"size":0.8660253882408142,"orthographic":false}