{"cameraMode":{"drawMode":0,"name":"Shaded","section":"Shading Mode"},"sceneLighting":true,"audioPlay":false,"sceneViewState":{"showFog":true,"showMaterialUpdate":false,"showSkybox":true,"showFlares":true,"showImageEffects":true,"showParticleSystems":true},"in2DMode":false,"pivot":{"x":-2.9353139400482179,"y":-7.214261531829834,"z":13.148774147033692},"rotation":{"x":-0.20222747325897218,"y":0.1410529911518097,"z":-0.02944708615541458,"w":-0.9686806201934815},"size":17.689098358154298,"orthographic":false}